#,fname,lname,email,gender,city
1,Fred,Miller,fmiller0@qq.com,Male,Ehu
2,Antonio,Hall,ahall1@cbc.ca,Male,Shibīn al Kawm
3,Gerald,Grant,ggrant2@hatena.ne.jp,Male,Ngrayun
4,Kathryn,Moore,kmoore3@upenn.edu,Female,Cunén
5,Paul,Nichols,pnichols4@ihg.com,Male,Merlo
6,Willie,Montgomery,wmontgomery5@shutterfly.com,Male,Sobotka
7,Jesse,Jackson,jjackson6@wordpress.org,Male,Sơn Tịnh
8,Russell,Carr,rcarr7@arizona.edu,Male,Baro
9,Elizabeth,Webb,ewebb8@prnewswire.com,Female,Sulengwaseng
10,Katherine,Olson,kolson9@state.gov,Female,Aluminé
11,Christopher,Green,cgreena@weebly.com,Male,Sung Noen
12,Frank,Henderson,fhendersonb@google.de,Male,Rancho Nuevo
13,Gloria,Moore,gmoorec@github.io,Female,Piteå
14,Doris,Watkins,dwatkinsd@mapy.cz,Female,Bajomulyo
15,Louis,Walker,lwalkere@msu.edu,Male,Puerto Plata
16,Rebecca,Henderson,rhendersonf@tinyurl.com,Female,Chayek
17,Robert,Bowman,rbowmang@miitbeian.gov.cn,Male,Bangrat
18,Christina,Miller,cmillerh@apple.com,Female,Llama
19,Nicholas,Reed,nreedi@ucla.edu,Male,Pomacocha
20,Harold,Franklin,hfranklinj@reference.com,Male,Benito Juarez
21,Annie,Andrews,aandrewsk@usa.gov,Female,Burgastai
22,Willie,Romero,wromerol@phoca.cz,Male,Rungis
23,Randy,Elliott,relliottm@discuz.net,Male,Laiponda
24,Ernest,Matthews,ematthewsn@eepurl.com,Male,Los Fresnos
25,Kelly,Martin,kmartino@independent.co.uk,Female,Karlskoga
26,Arthur,Garrett,agarrettp@sfgate.com,Male,Abonnema
27,Nancy,Smith,nsmithq@xrea.com,Female,Milówka
28,Catherine,Gibson,cgibsonr@cnet.com,Female,‘Izbat al Burj
29,Martin,Graham,mgrahams@dell.com,Male,Baqiu
30,Tina,Fox,tfoxt@simplemachines.org,Female,Vrsi
31,Albert,Chapman,achapmanu@123-reg.co.uk,Male,Al Ghayl
32,Jose,Reyes,jreyesv@weebly.com,Male,Kuala Lumpur
33,Kathleen,Stanley,kstanleyw@bloomberg.com,Female,Smokvica
34,Maria,Gordon,mgordonx@howstuffworks.com,Female,Heku
35,George,Ryan,gryany@devhub.com,Male,Reni
36,Tina,Carpenter,tcarpenterz@nytimes.com,Female,Ponta Grossa
37,Douglas,Crawford,dcrawford10@uiuc.edu,Male,Lajaluhur
38,Jane,Adams,jadams11@networkadvertising.org,Female,Har-Us
39,Ann,Gibson,agibson12@about.me,Female,Ohafia-Ifigh
40,Theresa,Gilbert,tgilbert13@whitehouse.gov,Female,Kajiado
41,Bruce,Carr,bcarr14@instagram.com,Male,Leudelange
42,Charles,Hunter,chunter15@fastcompany.com,Male,Bergen
43,Johnny,Fisher,jfisher16@wikipedia.org,Male,Chulabhorn
44,Arthur,Evans,aevans17@google.it,Male,Předměřice nad Labem
45,Arthur,Morales,amorales18@opera.com,Male,Anjozorobe
46,Catherine,Ortiz,cortiz19@jalbum.net,Female,Cotovia
47,Carl,Willis,cwillis1a@pen.io,Male,Havana
48,Benjamin,Cook,bcook1b@aol.com,Male,Jinping
49,Henry,Bradley,hbradley1c@army.mil,Male,Ryazanskiy
50,Christine,Wells,cwells1d@eventbrite.com,Female,Yankou
51,Matthew,Martinez,mmartinez1e@toplist.cz,Male,Simnas
52,Matthew,Bell,mbell1f@marketwatch.com,Male,Mohammedia
53,Russell,Mccoy,rmccoy1g@discuz.net,Male,Ordos
54,Anne,Graham,agraham1h@ihg.com,Female,Dongjiao
55,Edward,Mason,emason1i@eepurl.com,Male,Onan Ganjang Satu
56,Joshua,Chavez,jchavez1j@columbia.edu,Male,Bethlehem
57,Helen,Clark,hclark1k@dyndns.org,Female,Bairro
58,Barbara,Chavez,bchavez1l@infoseek.co.jp,Female,Cileunyi
59,Ruth,Morrison,rmorrison1m@usnews.com,Female,Hengyang
60,Samuel,Howell,showell1n@discuz.net,Male,Aoufous
61,Bobby,Ryan,bryan1o@whitehouse.gov,Male,Pengembur Dua
62,Ernest,Davis,edavis1p@apple.com,Male,Henan’an
63,Anne,Burns,aburns1q@admin.ch,Female,Kuala Lumpur
64,Randy,Walker,rwalker1r@jigsy.com,Male,Nova Petrópolis
65,Rachel,Welch,rwelch1s@hexun.com,Female,Junín
66,Keith,Fuller,kfuller1t@omniture.com,Male,Moyogalpa
67,Evelyn,Payne,epayne1u@xrea.com,Female,Langue
68,Joe,Barnes,jbarnes1v@sina.com.cn,Male,Zaindainxoi
69,Antonio,Williamson,awilliamson1w@amazonaws.com,Male,Swedru
70,Martha,Carr,mcarr1x@cnbc.com,Female,Yuanshanzi
71,Amy,Cole,acole1y@edublogs.org,Female,Chaem Luang
72,Deborah,Willis,dwillis1z@narod.ru,Female,Wuping
73,Nancy,Hansen,nhansen20@imdb.com,Female,Mingora
74,Victor,Webb,vwebb21@furl.net,Male,Sindangan
75,Michael,Fernandez,mfernandez22@taobao.com,Male,Aībak
76,Wanda,Black,wblack23@fema.gov,Female,Opatów
77,Daniel,Kim,dkim24@opensource.org,Male,Liuji
78,Daniel,Montgomery,dmontgomery25@pen.io,Male,Regnów
79,Peter,Mills,pmills26@cornell.edu,Male,Zaragoza
80,Randy,Hamilton,rhamilton27@domainmarket.com,Male,Yablonovskiy
81,Joan,Myers,jmyers28@bravesites.com,Female,Bolnisi
82,Louis,Alvarez,lalvarez29@networkadvertising.org,Male,San José de Comayagua
83,William,Vasquez,wvasquez2a@newsvine.com,Male,Listvyanskiy
84,Janet,Pierce,jpierce2b@symantec.com,Female,Ongabelen
85,Doris,Patterson,dpatterson2c@etsy.com,Female,Santa Lucia
86,Aaron,Cunningham,acunningham2d@livejournal.com,Male,Estoril
87,Helen,Kelly,hkelly2e@mail.ru,Female,Karlstad
88,Wanda,Washington,wwashington2f@hc360.com,Female,Osnabrück
89,Matthew,Arnold,marnold2g@twitpic.com,Male,Kibingo
90,Anthony,Oliver,aoliver2h@yolasite.com,Male,Saint-Augustin
91,Marie,Morris,mmorris2i@cbslocal.com,Female,Montigny-lès-Metz
92,Ruby,Olson,rolson2j@gizmodo.com,Female,Perelhal
93,Paula,Hudson,phudson2k@nih.gov,Female,Lowayu
94,Melissa,Carroll,mcarroll2l@wix.com,Female,Boussé
95,Betty,Nichols,bnichols2m@seesaa.net,Female,Bardo
96,Gregory,Green,ggreen2n@slideshare.net,Male,Xinlin
97,Eric,Campbell,ecampbell2o@wired.com,Male,Bachowice
98,Diana,Stevens,dstevens2p@illinois.edu,Female,Puerto Asís
99,William,Ryan,wryan2q@bloglines.com,Male,Miaoya
100,Maria,Owens,mowens2r@google.nl,Female,Dusit
101,Carlos,Welch,cwelch2s@ning.com,Male,Abucayan
102,Martin,Ray,mray2t@dedecms.com,Male,Carregueira
103,Jerry,Wood,jwood2u@cdbaby.com,Male,La Rochelle
104,Beverly,Turner,bturner2v@bizjournals.com,Female,Makoua
105,Theresa,Rose,trose2w@amazon.com,Female,Dubrovka
106,Philip,Hamilton,phamilton2x@desdev.cn,Male,Belyye Berega
107,Jason,Perez,jperez2y@fc2.com,Male,Sokolniki
108,Nicholas,Ramirez,nramirez2z@pagesperso-orange.fr,Male,Medveditskiy
109,Annie,Payne,apayne30@eventbrite.com,Female,Patos Fshat
110,Irene,Shaw,ishaw31@de.vu,Female,Trajouce
111,Mark,Young,myoung32@statcounter.com,Male,Bang Kaeo
112,Shawn,Stevens,sstevens33@livejournal.com,Male,Evansville
113,Carl,Cruz,ccruz34@newyorker.com,Male,Ilare
114,Irene,Richards,irichards35@about.com,Female,Irving
115,Lawrence,Johnson,ljohnson36@discovery.com,Male,Woippy
116,Irene,Carroll,icarroll37@craigslist.org,Female,Beitan
117,Gloria,Hunt,ghunt38@forbes.com,Female,Mogi Mirim
118,Kelly,Carter,kcarter39@webnode.com,Female,Sulahan
119,Marilyn,Peterson,mpeterson3a@opera.com,Female,Akhaldaba
120,Louise,Hawkins,lhawkins3b@reference.com,Female,Vapnyarka
121,Robert,Holmes,rholmes3c@so-net.ne.jp,Male,Judita
122,Ruby,Hill,rhill3d@usda.gov,Female,Qīr
123,Tina,Jacobs,tjacobs3e@tinyurl.com,Female,Tyachiv
124,Patricia,Hanson,phanson3f@blogger.com,Female,Guniushan
125,Judith,Woods,jwoods3g@bloglovin.com,Female,Desamparados
126,Joe,Johnson,jjohnson3h@privacy.gov.au,Male,Wyszków
127,Joan,Hicks,jhicks3i@github.com,Female,Pilang
128,Lisa,Allen,lallen3j@nature.com,Female,Lucban
129,Cheryl,Carter,ccarter3k@cornell.edu,Female,Shunling
130,Phillip,Fisher,pfisher3l@hibu.com,Male,Banikoara
131,Marie,Andrews,mandrews3m@europa.eu,Female,Sumberagung
132,Clarence,Murphy,cmurphy3n@earthlink.net,Male,Moneague
133,Amanda,Cruz,acruz3o@goo.gl,Female,Luleå
134,Julia,Cox,jcox3p@yahoo.co.jp,Female,Jiangkou
135,Raymond,Montgomery,rmontgomery3q@ucla.edu,Male,Åkersberga
136,Ronald,Wheeler,rwheeler3r@de.vu,Male,Senadan
137,Barbara,Cruz,bcruz3s@diigo.com,Female,Mandal
138,Susan,Chavez,schavez3t@macromedia.com,Female,Jaquimeyes
139,Richard,Shaw,rshaw3u@bloomberg.com,Male,Quimper
140,Fred,Kelly,fkelly3v@webnode.com,Male,Valdemārpils
141,Jane,Rogers,jrogers3w@japanpost.jp,Female,Kildare
142,Ernest,Snyder,esnyder3x@nationalgeographic.com,Male,Skelleftehamn
143,Amy,Mason,amason3y@nationalgeographic.com,Female,Heping
144,Kathryn,Bishop,kbishop3z@oracle.com,Female,Pinheiral
145,Alice,Arnold,aarnold40@theatlantic.com,Female,Iida
146,Kathleen,Coleman,kcoleman41@soup.io,Female,La Tebaida
147,Bobby,Hall,bhall42@lulu.com,Male,Poyang
148,Daniel,Stephens,dstephens43@mozilla.com,Male,Tacheng
149,Lisa,Olson,lolson44@census.gov,Female,Palmas
150,Sara,Peterson,speterson45@va.gov,Female,Nancheng
151,Jose,Porter,jporter46@wufoo.com,Male,Oyonnax
152,Melissa,Ortiz,mortiz47@blogspot.com,Female,Beaufort
153,Edward,Ross,eross48@lycos.com,Male,Lühua
154,Cheryl,Flores,cflores49@multiply.com,Female,Rengat
155,Heather,Bennett,hbennett4a@washington.edu,Female,Esperanza
156,Brian,Cox,bcox4b@about.me,Male,Abejorral
157,Charles,Bradley,cbradley4c@wired.com,Male,Dhī as Sufāl
158,Ruth,Duncan,rduncan4d@bing.com,Female,Stara Pazova
159,Ryan,Bradley,rbradley4e@rakuten.co.jp,Male,Blon’
160,Ruth,Little,rlittle4f@prlog.org,Female,São Silvestre
161,Henry,Rice,hrice4g@seattletimes.com,Male,Oroin Xibe
162,Bruce,Ford,bford4h@prnewswire.com,Male,Sergelen
163,Marie,Stephens,mstephens4i@symantec.com,Female,Calvinia
164,Jennifer,Ortiz,jortiz4j@blogger.com,Female,Jinquan
165,Anthony,Allen,aallen4k@nymag.com,Male,Arnelas
166,Amy,Rose,arose4l@delicious.com,Female,Paamiut
167,Emily,King,eking4m@addthis.com,Female,Rizal
168,Diana,Moore,dmoore4n@canalblog.com,Female,Gaoyu
169,Edward,Lopez,elopez4o@studiopress.com,Male,Bolinao
170,Eric,Morrison,emorrison4p@sciencedaily.com,Male,Dongting
171,Samuel,Wheeler,swheeler4q@weather.com,Male,Rače
172,Kevin,Gardner,kgardner4r@usatoday.com,Male,Sumanding
173,Antonio,White,awhite4s@usatoday.com,Male,San Ignacio
174,Brandon,Lopez,blopez4t@mozilla.org,Male,Igarapé Miri
175,Robert,Sims,rsims4u@multiply.com,Male,Ouidah
176,Brenda,Gibson,bgibson4v@miitbeian.gov.cn,Female,Zwolle
177,Mildred,Little,mlittle4w@epa.gov,Female,Železný Brod
178,John,Williamson,jwilliamson4x@diigo.com,Male,Jinka
179,Elizabeth,Kim,ekim4y@nhs.uk,Female,Lyuban’
180,Walter,Robinson,wrobinson4z@macromedia.com,Male,Krajan Kedungsalam
181,Lisa,Torres,ltorres50@woothemes.com,Female,Lewo
182,Andrea,Allen,aallen51@squidoo.com,Female,Wilmington
183,Paula,Williams,pwilliams52@miitbeian.gov.cn,Female,San Jacinto
184,Shawn,Butler,sbutler53@rediff.com,Male,Beishan
185,Judith,Ross,jross54@cdc.gov,Female,Pagsañgahan
186,Timothy,Medina,tmedina55@slate.com,Male,Gose
187,Tina,Ramirez,tramirez56@dagondesign.com,Female,Petauke
188,Ashley,Fox,afox57@vkontakte.ru,Female,Liaoyang
189,Bruce,Bowman,bbowman58@marriott.com,Male,Arvika
190,Keith,Austin,kaustin59@slideshare.net,Male,Sułów
191,Carl,Fernandez,cfernandez5a@addtoany.com,Male,Olhos de Água
192,Ernest,Garcia,egarcia5b@deliciousdays.com,Male,Odemira
193,Lisa,Lynch,llynch5c@mediafire.com,Female,Habry
194,Phyllis,Morales,pmorales5d@webeden.co.uk,Female,Huanan
195,Nicole,Wallace,nwallace5e@apache.org,Female,Đình Lập
196,Lori,Campbell,lcampbell5f@yahoo.co.jp,Female,Jeponkrajan
197,Patrick,Nguyen,pnguyen5g@pbs.org,Male,Villazón
198,Bruce,Hall,bhall5h@hp.com,Male,Batutulis
199,Cheryl,Nguyen,cnguyen5i@aboutads.info,Female,Hostouň
200,Gerald,Stevens,gstevens5j@patch.com,Male,Aquiraz
201,Deborah,Wood,dwood5k@weebly.com,Female,Jingchuan Chengguanzhen
202,Eric,Rodriguez,erodriguez5l@fc2.com,Male,Xichuan
203,Frank,Chapman,fchapman5m@aboutads.info,Male,Zürich
204,Stephen,Ford,sford5n@rakuten.co.jp,Male,Lomboy
205,Shirley,Montgomery,smontgomery5o@yahoo.co.jp,Female,Medicine Hat
206,Deborah,Bailey,dbailey5p@phoca.cz,Female,Dongmazar
207,Jesse,Cunningham,jcunningham5q@weibo.com,Male,Maria Cristina
208,Jeffrey,Murphy,jmurphy5r@ask.com,Male,Emiliano Zapata
209,Adam,Evans,aevans5s@live.com,Male,Boju
210,Stephen,Ferguson,sferguson5t@fema.gov,Male,Ban Phan Don
211,Raymond,Holmes,rholmes5u@naver.com,Male,Zelenogradsk
212,James,Rivera,jrivera5v@livejournal.com,Male,Belén Gualcho
213,Dorothy,Hunter,dhunter5w@sina.com.cn,Female,Fonadhoo
214,Brenda,Davis,bdavis5x@ezinearticles.com,Female,Mangulewa
215,Julie,Harrison,jharrison5y@guardian.co.uk,Female,Santo Domingo
216,Diana,Kelly,dkelly5z@alibaba.com,Female,Dīla
217,Nicholas,Daniels,ndaniels60@dailymail.co.uk,Male,Kongwan
218,Henry,Chapman,hchapman61@independent.co.uk,Male,Yuexi
219,Johnny,Weaver,jweaver62@cbc.ca,Male,Mealhada
220,Rose,Marshall,rmarshall63@seattletimes.com,Female,Lubuagan
221,Harry,Andrews,handrews64@mayoclinic.com,Male,Rubiataba
222,Janice,Sanchez,jsanchez65@dailymail.co.uk,Female,Guxi
223,Jonathan,Franklin,jfranklin66@domainmarket.com,Male,San Jorge
224,Randy,Green,rgreen67@cdc.gov,Male,Carlsbad
225,Deborah,Lopez,dlopez68@pinterest.com,Female,Asímion
226,Jessica,Garza,jgarza69@upenn.edu,Female,La Laguna
227,James,Lewis,jlewis6a@amazon.co.uk,Male,Star’
228,Susan,Simmons,ssimmons6b@naver.com,Female,Periyiáli
229,Thomas,Bryant,tbryant6c@sitemeter.com,Male,Shigu
230,Julia,Harper,jharper6d@phpbb.com,Female,Montréal-Est
231,Frank,Patterson,fpatterson6e@addtoany.com,Male,Baiqi
232,Nicole,Robinson,nrobinson6f@springer.com,Female,Sousse
233,Michelle,Brown,mbrown6g@nbcnews.com,Female,Yushu
234,Brian,Gibson,bgibson6h@princeton.edu,Male,Silca
235,David,Arnold,darnold6i@fda.gov,Male,Wohyń
236,Scott,Harvey,sharvey6j@howstuffworks.com,Male,Pita
237,Phillip,Bell,pbell6k@oaic.gov.au,Male,Hartswater
238,Anna,Kennedy,akennedy6l@sohu.com,Female,Buenos Aires
239,Robin,Parker,rparker6m@barnesandnoble.com,Female,Koktal
240,Betty,Brooks,bbrooks6n@answers.com,Female,Posse
241,Julie,Reyes,jreyes6o@ycombinator.com,Female,Baiyang
242,Cheryl,Murray,cmurray6p@wikimedia.org,Female,Stockholm
243,Beverly,Hernandez,bhernandez6q@amazonaws.com,Female,Langqi
244,Walter,Freeman,wfreeman6r@adobe.com,Male,Babirik
245,Patricia,Olson,polson6s@deviantart.com,Female,Bourgoin-Jallieu
246,Paul,Hansen,phansen6t@bloglovin.com,Male,Santa Clara
247,Billy,Warren,bwarren6u@bandcamp.com,Male,Xinan
248,Amy,Miller,amiller6v@themeforest.net,Female,Nîmes
249,John,Torres,jtorres6w@chronoengine.com,Male,Pagatin
250,Matthew,Hart,mhart6x@cdc.gov,Male,Khóra
251,Beverly,Green,bgreen6y@abc.net.au,Female,Alexandria
252,Diana,Webb,dwebb6z@histats.com,Female,Dalianwan
253,Laura,Ferguson,lferguson70@nifty.com,Female,Qal‘ah-ye Shāhī
254,Samuel,Ferguson,sferguson71@yellowbook.com,Male,São Tomé
255,Ralph,Martin,rmartin72@dyndns.org,Male,Pasirhuni
256,Joseph,Schmidt,jschmidt73@hibu.com,Male,Valledupar
257,Angela,Coleman,acoleman74@miibeian.gov.cn,Female,Faqqū‘ah
258,Catherine,Reyes,creyes75@spotify.com,Female,Otllak
259,Patricia,Bowman,pbowman76@usa.gov,Female,San Felipe
260,David,Richardson,drichardson77@biblegateway.com,Male,Tulihe
261,Amy,Fisher,afisher78@behance.net,Female,Kebonan
262,Carl,Barnes,cbarnes79@1und1.de,Male,Kuishan
263,Jose,Ray,jray7a@dedecms.com,Male,Bukuru
264,Sharon,White,swhite7b@baidu.com,Female,Kharkhorin
265,Albert,Hall,ahall7c@gravatar.com,Male,Palangan
266,Willie,Rose,wrose7d@boston.com,Male,Blantyre
267,Steve,Hudson,shudson7e@mlb.com,Male,Tanahgrogot
268,Todd,Hicks,thicks7f@photobucket.com,Male,Mashava
269,Irene,Nguyen,inguyen7g@mapquest.com,Female,Kemijärvi
270,Thomas,Robertson,trobertson7h@hud.gov,Male,Qa‘ţabah
271,Adam,Wright,awright7i@wisc.edu,Male,Oklahoma City
272,Dorothy,Andrews,dandrews7j@wisc.edu,Female,Hola Prystan’
273,Betty,Price,bprice7k@reverbnation.com,Female,Besançon
274,Amy,Wagner,awagner7l@macromedia.com,Female,Rassvet
275,Cynthia,Rodriguez,crodriguez7m@google.com,Female,Gunungsari
276,Cynthia,Shaw,cshaw7n@networksolutions.com,Female,Cinunjang
277,Thomas,Sanchez,tsanchez7o@bing.com,Male,Inhumas
278,Jerry,Wilson,jwilson7p@163.com,Male,Progreso
279,Jack,Wilson,jwilson7q@netscape.com,Male,Adjumani
280,Robin,Fernandez,rfernandez7r@chicagotribune.com,Female,Ōdachō-ōda
281,Roger,Wheeler,rwheeler7s@deviantart.com,Male,Rizhao
282,Joe,Gibson,jgibson7t@jigsy.com,Male,Alicia
283,Walter,Walker,wwalker7u@taobao.com,Male,Anyang
284,Douglas,Adams,dadams7v@eepurl.com,Male,Jiangbei
285,Timothy,Shaw,tshaw7w@histats.com,Male,Nongoma
286,Susan,Adams,sadams7x@upenn.edu,Female,Manosque
287,Martin,Palmer,mpalmer7y@macromedia.com,Male,Conde
288,Joseph,Flores,jflores7z@abc.net.au,Male,Kostakioí
289,Phillip,Lynch,plynch80@rambler.ru,Male,Rymanów
290,Andrew,Edwards,aedwards81@wordpress.org,Male,Perehonivka
291,Mark,Harrison,mharrison82@ucoz.com,Male,Novi Vinodolski
292,Janet,Hanson,jhanson83@ebay.com,Female,Tanabe
293,Harold,Torres,htorres84@bloomberg.com,Male,Kai
294,Benjamin,Phillips,bphillips85@berkeley.edu,Male,Marolambo
295,Joseph,Jackson,jjackson86@timesonline.co.uk,Male,Bhairab Bāzār
296,Pamela,Williamson,pwilliamson87@thetimes.co.uk,Female,Baiju
297,Jeremy,Young,jyoung88@disqus.com,Male,Perico
298,Jimmy,Nelson,jnelson89@exblog.jp,Male,Azacualpa
299,Judy,Powell,jpowell8a@oakley.com,Female,Piskivka
300,Robin,Gonzalez,rgonzalez8b@ft.com,Female,Columbeira
301,Emily,Ramirez,eramirez8c@dot.gov,Female,Chinú
302,Sara,Hall,shall8d@theatlantic.com,Female,Mariel
303,Annie,Fowler,afowler8e@theguardian.com,Female,Yuezhao
304,Diana,Henry,dhenry8f@cmu.edu,Female,Pata
305,Clarence,Clark,cclark8g@constantcontact.com,Male,Bhāi Pheru
306,Denise,Wheeler,dwheeler8h@deliciousdays.com,Female,Mogilany
307,Susan,Lynch,slynch8i@foxnews.com,Female,Pai do Vento
308,Ralph,James,rjames8j@biglobe.ne.jp,Male,Huangsangkou
309,Jane,Wallace,jwallace8k@mlb.com,Female,Srunikrajan
310,Catherine,Greene,cgreene8l@nytimes.com,Female,Kérkyra
311,Norma,Burns,nburns8m@slideshare.net,Female,Henglishan
312,Daniel,Daniels,ddaniels8n@businessinsider.com,Male,Oslo
313,Clarence,Foster,cfoster8o@digg.com,Male,Xiachen
314,Rose,Lopez,rlopez8p@mayoclinic.com,Female,Songgang-dong
315,William,Kelley,wkelley8q@rambler.ru,Male,Cedar Rapids
316,Jane,Morgan,jmorgan8r@nature.com,Female,Balneário Camboriú
317,Scott,Sims,ssims8s@liveinternet.ru,Male,Almelo
318,Barbara,Miller,bmiller8t@google.ru,Female,Rovira
319,Brandon,Bailey,bbailey8u@blogspot.com,Male,Tuanfeng
320,Michael,Schmidt,mschmidt8v@t-online.de,Male,Stockholm
321,Nicole,Cook,ncook8w@alexa.com,Female,Tacheng
322,Johnny,Wright,jwright8x@elpais.com,Male,Bilshivtsi
323,Johnny,Owens,jowens8y@studiopress.com,Male,Barengkok
324,Chris,Scott,cscott8z@accuweather.com,Male,Linggamanik
325,Ruby,George,rgeorge90@naver.com,Female,Bouarouss
326,Christina,Lawson,clawson91@instagram.com,Female,Meixian
327,Ernest,Gibson,egibson92@amazon.de,Male,Lokwabe
328,Anna,Mendoza,amendoza93@macromedia.com,Female,Pietà
329,Sara,Wilson,swilson94@amazon.de,Female,Daze
330,Jose,Long,jlong95@techcrunch.com,Male,Tinambacan
331,Gerald,Hill,ghill96@miibeian.gov.cn,Male,Qiaoyi
332,Andrew,Parker,aparker97@moonfruit.com,Male,Liji
333,Gloria,Watson,gwatson98@intel.com,Female,Sertânia
334,Louise,Mason,lmason99@youtube.com,Female,Namp’o
335,Kelly,Holmes,kholmes9a@google.co.jp,Female,Valcheta
336,Margaret,Hudson,mhudson9b@google.co.uk,Female,Baki
337,Terry,Reed,treed9c@redcross.org,Male,Lagny-sur-Marne
338,Michael,Hart,mhart9d@disqus.com,Male,Bulu
339,Irene,Franklin,ifranklin9e@facebook.com,Female,Burao
340,Matthew,Dixon,mdixon9f@squarespace.com,Male,Sakassou
341,Barbara,Taylor,btaylor9g@edublogs.org,Female,Malabag
342,Frances,Rodriguez,frodriguez9h@boston.com,Female,Ashton
343,Sara,Cunningham,scunningham9i@linkedin.com,Female,Gulou
344,Thomas,Cox,tcox9j@nhs.uk,Male,Lintingkou
345,Doris,Wright,dwright9k@mysql.com,Female,Serednye
346,Carol,Garza,cgarza9l@yandex.ru,Female,Abraham’s Bay
347,Christopher,Berry,cberry9m@archive.org,Male,Shinpokh
348,Jacqueline,Jacobs,jjacobs9n@uiuc.edu,Female,Calibungan
349,Thomas,Gray,tgray9o@dailymail.co.uk,Male,Sremčica
350,Rebecca,Freeman,rfreeman9p@jigsy.com,Female,Lillers
351,Lori,Dean,ldean9q@wikimedia.org,Female,Laojie
352,Albert,Fuller,afuller9r@jalbum.net,Male,Santo Domingo de los Colorados
353,Chris,Sims,csims9s@miitbeian.gov.cn,Male,Tuzha
354,Earl,Shaw,eshaw9t@posterous.com,Male,Zavetnoye
355,Rebecca,Bennett,rbennett9u@youku.com,Female,Santo Amaro da Imperatriz
356,Brenda,Wilson,bwilson9v@jimdo.com,Female,Hekou
357,Deborah,Kelley,dkelley9w@cisco.com,Female,San Guillermo
358,Wanda,Patterson,wpatterson9x@hexun.com,Female,Argungu
359,Emily,Fisher,efisher9y@nymag.com,Female,Thanh Khê
360,Anna,Johnston,ajohnston9z@technorati.com,Female,Wujiao
361,Melissa,Mendoza,mmendozaa0@shutterfly.com,Female,Rimbo
362,Eugene,Freeman,efreemana1@apple.com,Male,Modimolle
363,Rose,Fields,rfieldsa2@wisc.edu,Female,Starobaltachevo
364,Jane,Thomas,jthomasa3@tinypic.com,Female,Fushë-Muhurr
365,Martin,Warren,mwarrena4@hatena.ne.jp,Male,Karakabak
366,Jack,Willis,jwillisa5@skyrock.com,Male,Kobyzhcha
367,Joseph,Arnold,jarnolda6@army.mil,Male,Sibulan
368,Daniel,Meyer,dmeyera7@behance.net,Male,Wujiao
369,Janet,Martinez,jmartineza8@hexun.com,Female,Rimpeso
370,Melissa,Bowman,mbowmana9@de.vu,Female,Guantou
371,Craig,Woods,cwoodsaa@acquirethisname.com,Male,Palmeira das Missões
372,Dorothy,Knight,dknightab@g.co,Female,Yingde’er
373,Brian,Fields,bfieldsac@senate.gov,Male,Kalamangog
374,Patricia,Hicks,phicksad@scientificamerican.com,Female,Chantal
375,Billy,Jackson,bjacksonae@latimes.com,Male,Odoyev
376,Antonio,Dunn,adunnaf@fema.gov,Male,Nanyang
377,Betty,Tucker,btuckerag@rambler.ru,Female,Nový Hrozenkov
378,Linda,Fowler,lfowlerah@un.org,Female,Pongkor
379,Randy,Scott,rscottai@comcast.net,Male,Batán
380,Julie,Alexander,jalexanderaj@hp.com,Female,Migues
381,Christopher,Powell,cpowellak@people.com.cn,Male,Chouto
382,Joshua,Peterson,jpetersonal@hao123.com,Male,Independencia
383,Ronald,Hudson,rhudsonam@forbes.com,Male,Isakly
384,Amy,Williamson,awilliamsonan@fastcompany.com,Female,Sanhe
385,Shirley,Pierce,spierceao@patch.com,Female,Ash Shajarah
386,Pamela,Allen,pallenap@reverbnation.com,Female,Walichnowy
387,Jack,Phillips,jphillipsaq@army.mil,Male,Landvetter
388,Jesse,Ross,jrossar@narod.ru,Male,Józefosław
389,Ernest,Weaver,eweaveras@about.com,Male,Erie
390,Norma,Jenkins,njenkinsat@xing.com,Female,Jalupang Dua
391,Catherine,Wagner,cwagnerau@com.com,Female,São Lourenço de Mamporcão
392,Sandra,Romero,sromeroav@bigcartel.com,Female,La Trinidad
393,Gary,Stephens,gstephensaw@google.com.hk,Male,Carnaxide
394,Julie,Frazier,jfrazierax@gov.uk,Female,Cikoneng
395,Kathleen,Richards,krichardsay@cbslocal.com,Female,Xiabao
396,Samuel,Howard,showardaz@gmpg.org,Male,Basoko
397,Henry,Martinez,hmartinezb0@t.co,Male,Angoulême
398,Jack,Flores,jfloresb1@ibm.com,Male,Tambura
399,Maria,Elliott,melliottb2@squidoo.com,Female,Chachagüí
400,Eugene,Lynch,elynchb3@mapy.cz,Male,Libas
401,Andrew,Martinez,amartinezb4@cbslocal.com,Male,Guane
402,Carolyn,James,cjamesb5@behance.net,Female,Kaparéllion
403,Benjamin,Gardner,bgardnerb6@skype.com,Male,Da Nang
404,Emily,Peterson,epetersonb7@addtoany.com,Female,Zaragoza
405,Maria,Cole,mcoleb8@redcross.org,Female,Kabala
406,Randy,Hunter,rhunterb9@hugedomains.com,Male,Trat
407,Albert,Williamson,awilliamsonba@digg.com,Male,Albardón
408,Gerald,Lawrence,glawrencebb@cafepress.com,Male,Majzar
409,Jesse,Gordon,jgordonbc@yahoo.co.jp,Male,Karangsari
410,William,Fuller,wfullerbd@sciencedaily.com,Male,Vykhino-Zhulebino
411,Jose,Pierce,jpiercebe@hibu.com,Male,Naranjal
412,Jacqueline,Romero,jromerobf@imdb.com,Female,Rydzyna
413,George,Reed,greedbg@tmall.com,Male,Pieksämäki
414,Russell,Gordon,rgordonbh@sbwire.com,Male,Bagorejo
415,Maria,Sullivan,msullivanbi@moonfruit.com,Female,Sousse
416,Lois,Davis,ldavisbj@jimdo.com,Female,Moosomin
417,Emily,Crawford,ecrawfordbk@reddit.com,Female,Shuanghekou
418,Bruce,Johnson,bjohnsonbl@harvard.edu,Male,Maquanzhen
419,Doris,Moore,dmoorebm@phoca.cz,Female,Tvøroyri
420,Judy,Stanley,jstanleybn@hc360.com,Female,Guararema
421,Heather,Andrews,handrewsbo@quantcast.com,Female,Padasono
422,Andrea,Ramos,aramosbp@china.com.cn,Female,Sanski Most
423,Jeffrey,Fuller,jfullerbq@altervista.org,Male,Shuyuan
424,Jacqueline,Bishop,jbishopbr@wikia.com,Female,Wangjiaping
425,Marilyn,Patterson,mpattersonbs@google.de,Female,Wodzisław Śląski
426,Joyce,Lewis,jlewisbt@hao123.com,Female,Oklahoma City
427,Bobby,Bradley,bbradleybu@last.fm,Male,Praia das Maçãs
428,Douglas,Moore,dmoorebv@i2i.jp,Male,Qinhe
429,Linda,Johnson,ljohnsonbw@oaic.gov.au,Female,Bethlehem
430,Ashley,Gonzalez,agonzalezbx@nbcnews.com,Female,Tingloy
431,Judith,Cole,jcoleby@comsenz.com,Female,Žeravice
432,Carlos,Medina,cmedinabz@networkadvertising.org,Male,H̱olon
433,Alan,Sullivan,asullivanc0@wikimedia.org,Male,Xicheng
434,Aaron,Taylor,ataylorc1@quantcast.com,Male,Mueang Nonthaburi
435,Michelle,Robinson,mrobinsonc2@parallels.com,Female,Gary
436,Lori,Ellis,lellisc3@wix.com,Female,Líbeznice
437,Julie,West,jwestc4@free.fr,Female,Karabudakhkent
438,Keith,Morris,kmorrisc5@pinterest.com,Male,Yangchun
439,Wayne,Anderson,wandersonc6@tumblr.com,Male,Jardim do Seridó
440,Julie,Watson,jwatsonc7@sfgate.com,Female,Rokitno Szlacheckie
441,Ruby,Morris,rmorrisc8@mac.com,Female,Seke
442,Ashley,Fields,afieldsc9@rambler.ru,Female,Leigongjian
443,Kevin,Williams,kwilliamsca@apache.org,Male,Oudtshoorn
444,Michael,Allen,mallencb@whitehouse.gov,Male,Janes
445,Maria,Moreno,mmorenocc@tiny.cc,Female,Shamkhor
446,Jimmy,Day,jdaycd@engadget.com,Male,Jendouba
447,Betty,Ross,brossce@tinypic.com,Female,Atlanta
448,Paula,Gonzalez,pgonzalezcf@google.es,Female,Amarete
449,Phillip,Knight,pknightcg@state.gov,Male,Boca do Acre
450,Heather,Knight,hknightch@msu.edu,Female,Wādī Raḩḩāl
451,Steven,Gonzales,sgonzalesci@mozilla.com,Male,Maguling
452,Jack,Burns,jburnscj@patch.com,Male,Lhabupu
453,Keith,Wood,kwoodck@myspace.com,Male,Jetis
454,Gary,Davis,gdaviscl@discuz.net,Male,Mainz
455,Joe,Burke,jburkecm@free.fr,Male,Saint-Quentin-en-Yvelines
456,Gerald,Mitchell,gmitchellcn@state.gov,Male,Sypniewo
457,John,Morgan,jmorganco@artisteer.com,Male,Monte do Outeiro
458,Wanda,Taylor,wtaylorcp@businessinsider.com,Female,Sarrebourg
459,Tammy,Graham,tgrahamcq@t.co,Female,Yanino Vtoroye
460,Nancy,Watkins,nwatkinscr@indiatimes.com,Female,Dois Vizinhos
461,Gary,Olson,golsoncs@jugem.jp,Male,Beiqijia
462,Thomas,Jordan,tjordanct@elpais.com,Male,Essen
463,Samuel,Mccoy,smccoycu@xrea.com,Male,El Carmen
464,Rebecca,Palmer,rpalmercv@youtu.be,Female,Cirahab
465,Philip,Wood,pwoodcw@comcast.net,Male,Yangdi
466,Wanda,Hunt,whuntcx@time.com,Female,Loangmaka
467,Kathy,Powell,kpowellcy@sogou.com,Female,Gambiran
468,Bruce,Williamson,bwilliamsoncz@multiply.com,Male,Tebanah
469,Nicholas,Roberts,nrobertsd0@ebay.com,Male,Sabang
470,Christopher,Lynch,clynchd1@people.com.cn,Male,Kola
471,Henry,Vasquez,hvasquezd2@delicious.com,Male,Ariana
472,Betty,Miller,bmillerd3@dyndns.org,Female,Cabarroguis
473,Patricia,Morales,pmoralesd4@elegantthemes.com,Female,Kan
474,Mildred,Jacobs,mjacobsd5@unicef.org,Female,Tarbes
475,Kevin,Boyd,kboydd6@deliciousdays.com,Male,Taoyuan
476,Antonio,Chapman,achapmand7@gizmodo.com,Male,Évreux
477,Andrew,Bradley,abradleyd8@goo.ne.jp,Male,Taipingxi
478,Sarah,Martinez,smartinezd9@discovery.com,Female,Tanqiao
479,Pamela,Hawkins,phawkinsda@diigo.com,Female,Buenos Aires
480,Jason,Ryan,jryandb@wiley.com,Male,Sexiong
481,Marilyn,Wilson,mwilsondc@amazon.co.uk,Female,Rio
482,Jimmy,Kelly,jkellydd@last.fm,Male,Inđija
483,Sean,Rogers,srogersde@nyu.edu,Male,Nikita
484,Lois,Russell,lrusselldf@amazonaws.com,Female,Sudislavl’
485,Johnny,Hicks,jhicksdg@archive.org,Male,Shantoudian
486,Timothy,Sanchez,tsanchezdh@ted.com,Male,Fulong
487,Patrick,Gonzales,pgonzalesdi@ed.gov,Male,Paratinga
488,Juan,Sanchez,jsanchezdj@census.gov,Male,Arras
489,Deborah,Taylor,dtaylordk@tumblr.com,Female,Höllviken
490,Catherine,Boyd,cboyddl@technorati.com,Female,Jiazhuyuan
491,Sean,Marshall,smarshalldm@npr.org,Male,Liuhao
492,Robin,Taylor,rtaylordn@paginegialle.it,Female,Bulqizë
493,Jack,Porter,jporterdo@imgur.com,Male,Lamut
494,Christine,Butler,cbutlerdp@jimdo.com,Female,Ivanovka
495,Christopher,Kelley,ckelleydq@dedecms.com,Male,Lanot
496,Heather,Wagner,hwagnerdr@issuu.com,Female,San Vicente
497,Irene,Hunter,ihunterds@comsenz.com,Female,Tigil’
498,Christine,Ryan,cryandt@cdc.gov,Female,Strassen
499,Benjamin,Taylor,btaylordu@ebay.co.uk,Male,San Miguel
500,Bruce,Oliver,boliverdv@wikipedia.org,Male,Yanchi
501,Margaret,Taylor,mtaylordw@apache.org,Female,Vysehrad
502,Jack,Edwards,jedwardsdx@about.com,Male,Palpalá
503,Walter,Bowman,wbowmandy@howstuffworks.com,Male,Xijiang
504,Carlos,West,cwestdz@ca.gov,Male,Velyka Oleksandrivka
505,Ann,Jacobs,ajacobse0@businessweek.com,Female,Masaya
506,Catherine,Howell,chowelle1@odnoklassniki.ru,Female,Cigenca
507,Larry,Ward,lwarde2@technorati.com,Male,Palencia
508,Stephanie,Gomez,sgomeze3@amazon.co.jp,Female,Meishan
509,Rose,Fox,rfoxe4@livejournal.com,Female,Annecy
510,Jimmy,Dunn,jdunne5@ca.gov,Male,Ústí nad Orlicí
511,Teresa,Hernandez,thernandeze6@digg.com,Female,Porto Ferreira
512,Justin,Torres,jtorrese7@ucsd.edu,Male,Loures
513,Sara,Washington,swashingtone8@noaa.gov,Female,Lalukoen Dua
514,Mary,Bryant,mbryante9@jimdo.com,Female,Muzhijie
515,Joseph,Olson,jolsonea@army.mil,Male,Citeureup
516,Helen,Dixon,hdixoneb@abc.net.au,Female,Maicao
517,Marie,Graham,mgrahamec@unc.edu,Female,Shahrak
518,Jose,Grant,jgranted@unicef.org,Male,Silvares
519,Marilyn,White,mwhiteee@technorati.com,Female,Kwangmyŏng
520,Andrea,Ramos,aramosef@cnbc.com,Female,Patos de Minas
521,Shawn,Torres,storreseg@opensource.org,Male,Bergen
522,Carol,Watkins,cwatkinseh@gmpg.org,Female,Junín
523,Rachel,Hansen,rhansenei@barnesandnoble.com,Female,Bintang
524,Julie,Mendoza,jmendozaej@taobao.com,Female,Kungsbacka
525,Walter,Wood,wwoodek@google.com,Male,Ōtsuchi
526,Jennifer,Chavez,jchavezel@freewebs.com,Female,Xinyi
527,Benjamin,Ray,brayem@github.com,Male,Boucinhas
528,Shirley,Hunter,shunteren@cisco.com,Female,Karlskoga
529,Betty,Allen,balleneo@miibeian.gov.cn,Female,Verkhniye Kigi
530,Gary,Willis,gwillisep@usgs.gov,Male,Mons
531,Kathleen,Owens,kowenseq@mapy.cz,Female,Al Manşūrah
532,Douglas,Little,dlittleer@dropbox.com,Male,Barroco
533,Joyce,Meyer,jmeyeres@sun.com,Female,San Martín Zapotitlán
534,Phyllis,Brown,pbrownet@phpbb.com,Female,Kawangu
535,Brenda,Kelly,bkellyeu@squidoo.com,Female,Thị Trấn Yên Thế
536,Maria,Banks,mbanksev@edublogs.org,Female,Psary
537,Timothy,Garza,tgarzaew@tripadvisor.com,Male,Xindeng
538,Scott,Wagner,swagnerex@cafepress.com,Male,Zudun
539,Peter,Garcia,pgarciaey@youtube.com,Male,El Vigía
540,Scott,Dean,sdeanez@cbslocal.com,Male,Varginha
541,Bobby,Hunter,bhunterf0@toplist.cz,Male,Yongfu
542,Randy,Hudson,rhudsonf1@blogs.com,Male,Požarevac
543,Gerald,Murray,gmurrayf2@nymag.com,Male,Kario
544,Carlos,Daniels,cdanielsf3@europa.eu,Male,Bourail
545,Helen,Meyer,hmeyerf4@google.cn,Female,Coishco
546,Matthew,Hall,mhallf5@php.net,Male,Filabusi
547,Mark,Diaz,mdiazf6@usnews.com,Male,Jaruco
548,Jessica,Hudson,jhudsonf7@unesco.org,Female,Muara Sabak
549,Frances,Rose,frosef8@cnn.com,Female,Malakwāl
550,Stephanie,Reynolds,sreynoldsf9@tmall.com,Female,Chikwawa
551,Arthur,Lee,aleefa@mit.edu,Male,Ushumun
552,Mildred,Perkins,mperkinsfb@businessweek.com,Female,Dal’nerechensk
553,Norma,Butler,nbutlerfc@google.fr,Female,Vathýlakkos
554,Paula,Wilson,pwilsonfd@spotify.com,Female,Batticaloa
555,Justin,Daniels,jdanielsfe@freewebs.com,Male,Karítsa
556,Lillian,Garrett,lgarrettff@yahoo.co.jp,Female,Yuanda
557,Nicole,Welch,nwelchfg@taobao.com,Female,Gunziying
558,Nicole,Arnold,narnoldfh@newyorker.com,Female,Nantou
559,Ashley,Mcdonald,amcdonaldfi@microsoft.com,Female,Nanggela
560,Jimmy,Welch,jwelchfj@amazonaws.com,Male,Itambé
561,Sharon,Holmes,sholmesfk@csmonitor.com,Female,Sighnaghi
562,Juan,Jordan,jjordanfl@washington.edu,Male,Ganné Tiqwa
563,Cynthia,Ryan,cryanfm@fc2.com,Female,Penglai
564,Jesse,Peters,jpetersfn@constantcontact.com,Male,Vantaa
565,George,Peterson,gpetersonfo@who.int,Male,Abū Ghaush
566,Kathleen,Parker,kparkerfp@nsw.gov.au,Female,Pingpu
567,Andrea,Gordon,agordonfq@sogou.com,Female,Yeshan
568,Joshua,Fernandez,jfernandezfr@kickstarter.com,Male,Marseille
569,Betty,Weaver,bweaverfs@walmart.com,Female,Shibirghān
570,Cynthia,Jones,cjonesft@yelp.com,Female,Muli
571,Harry,Parker,hparkerfu@cocolog-nifty.com,Male,Taldykorgan
572,Howard,Gray,hgrayfv@wsj.com,Male,Kalmar
573,Gary,Gonzales,ggonzalesfw@instagram.com,Male,Saint Paul
574,Maria,Banks,mbanksfx@flavors.me,Female,Uničov
575,Ashley,Carter,acarterfy@nytimes.com,Female,Tân Việt
576,Catherine,Rice,cricefz@stanford.edu,Female,Dunaújváros
577,Walter,Baker,wbakerg0@so-net.ne.jp,Male,San Jose
578,Sandra,Harvey,sharveyg1@auda.org.au,Female,Liuhuang
579,Roy,Ray,rrayg2@time.com,Male,Kazan
580,Harold,Reyes,hreyesg3@bigcartel.com,Male,Haiyu
581,Ruth,Stewart,rstewartg4@google.ca,Female,Rakvere
582,Diana,Gordon,dgordong5@washingtonpost.com,Female,Resende
583,Jean,Perry,jperryg6@examiner.com,Female,Kaminoyama
584,George,Austin,gausting7@marketwatch.com,Male,Gembu
585,Christina,Davis,cdavisg8@bloglines.com,Female,Ohrid
586,Debra,Gibson,dgibsong9@google.fr,Female,Groblersdal
587,Janice,Olson,jolsonga@pinterest.com,Female,Jianshan
588,Emily,Jones,ejonesgb@unc.edu,Female,Janeng
589,Julia,Burns,jburnsgc@cbsnews.com,Female,Palencia
590,Wanda,Thomas,wthomasgd@usa.gov,Female,Siquanpu
591,Gregory,Gilbert,ggilbertge@buzzfeed.com,Male,Maroúsi
592,Jason,Chapman,jchapmangf@google.com.au,Male,Zhlobin
593,John,Rice,jricegg@newyorker.com,Male,Passos
594,Louise,Scott,lscottgh@studiopress.com,Female,Zhiryatino
595,Gloria,Ortiz,gortizgi@mayoclinic.com,Female,Matangpayang
596,Joan,Gordon,jgordongj@google.com.br,Female,Tlogosari
597,Craig,Romero,cromerogk@vimeo.com,Male,Moutsamoudou
598,Bruce,Jordan,bjordangl@cmu.edu,Male,Tarbes
599,Keith,Kim,kkimgm@ucoz.com,Male,Bontoc
600,Benjamin,Morales,bmoralesgn@loc.gov,Male,Bacun
601,Jennifer,Powell,jpowellgo@cbslocal.com,Female,Bous
602,Gregory,Thomas,gthomasgp@live.com,Male,Getung
603,Juan,Ruiz,jruizgq@rakuten.co.jp,Male,Fengyang Fuchengzhen
604,Nancy,Bailey,nbaileygr@wufoo.com,Female,Ueno
605,Mark,Day,mdaygs@cornell.edu,Male,Luleå
606,Jessica,Banks,jbanksgt@xrea.com,Female,Zangbawa
607,Eric,Rice,ericegu@dmoz.org,Male,Aş Şanamayn
608,Shirley,Riley,srileygv@disqus.com,Female,Zhouzhuang
609,Christina,Shaw,cshawgw@disqus.com,Female,Gedera
610,Kelly,Anderson,kandersongx@cargocollective.com,Female,Pukkila
611,Walter,Gibson,wgibsongy@pagesperso-orange.fr,Male,Xintun
612,Judy,Brooks,jbrooksgz@gov.uk,Female,Iperu
613,Fred,Perry,fperryh0@hc360.com,Male,Barwałd Górny
614,Ann,Williamson,awilliamsonh1@businessweek.com,Female,Valdice
615,Patricia,Rice,priceh2@state.gov,Female,Phanat Nikhom
616,Joshua,Snyder,jsnyderh3@berkeley.edu,Male,Anaheim
617,Gloria,Arnold,garnoldh4@bloglines.com,Female,Kadipaten
618,Johnny,Bailey,jbaileyh5@usda.gov,Male,Surazh
619,Diana,Stanley,dstanleyh6@fema.gov,Female,Yuecheng
620,Rachel,Hall,rhallh7@weather.com,Female,Xinxing
621,Justin,Hanson,jhansonh8@theguardian.com,Male,Xinyuan
622,Angela,Harvey,aharveyh9@shinystat.com,Female,Sosnovoborsk
623,Paula,Bowman,pbowmanha@hao123.com,Female,Reutlingen
624,Margaret,Perry,mperryhb@ovh.net,Female,Cajicá
625,Gerald,Stone,gstonehc@blogs.com,Male,Zicheng
626,Christina,Young,cyounghd@t-online.de,Female,Shuanglu
627,Doris,Bennett,dbennetthe@nps.gov,Female,Yuquan
628,Cheryl,Cunningham,ccunninghamhf@wp.com,Female,Unión
629,Judith,Tucker,jtuckerhg@chron.com,Female,Glushkovo
630,Keith,Medina,kmedinahh@bandcamp.com,Male,Benito Juarez
631,Harold,Spencer,hspencerhi@last.fm,Male,Kamyshin
632,Shirley,Rodriguez,srodriguezhj@baidu.com,Female,Xincheng
633,Rebecca,Hanson,rhansonhk@liveinternet.ru,Female,Taotang
634,Sarah,Gomez,sgomezhl@buzzfeed.com,Female,Zator
635,Robin,Carroll,rcarrollhm@plala.or.jp,Female,Peruíbe
636,Clarence,Gordon,cgordonhn@icq.com,Male,Jenzan
637,Daniel,Weaver,dweaverho@phoca.cz,Male,Albarraque
638,Russell,Chavez,rchavezhp@topsy.com,Male,Yangcun
639,Shirley,Howell,showellhq@timesonline.co.uk,Female,Wołomin
640,Jennifer,Williams,jwilliamshr@bigcartel.com,Female,Misungwi
641,Marilyn,Freeman,mfreemanhs@narod.ru,Female,Jiaokou
642,Arthur,Garcia,agarciaht@google.fr,Male,Fatukanutu
643,Paula,Wells,pwellshu@wordpress.org,Female,Castanheiro do Sul
644,Deborah,Brown,dbrownhv@scribd.com,Female,Xin’andu
645,Amy,Hunt,ahunthw@google.es,Female,Porvenir
646,Heather,Price,hpricehx@csmonitor.com,Female,Xinxing
647,Kenneth,Gutierrez,kgutierrezhy@msn.com,Male,Qingshi
648,Michelle,Meyer,mmeyerhz@so-net.ne.jp,Female,Mahalapye
649,Karen,Mason,kmasoni0@aboutads.info,Female,Zernograd
650,Diana,Tucker,dtuckeri1@nifty.com,Female,Sovetskaya
651,Justin,Wilson,jwilsoni2@ehow.com,Male,Tanjungjaya
652,Brenda,Lawson,blawsoni3@amazonaws.com,Female,Dhrosiá
653,Carl,Dunn,cdunni4@mozilla.org,Male,Naifalo
654,Arthur,Cole,acolei5@t.co,Male,New Glasgow
655,Kathy,Matthews,kmatthewsi6@weather.com,Female,Lazaro Cardenas
656,Helen,Garza,hgarzai7@behance.net,Female,Kibre Mengist
657,Mark,Garrett,mgarretti8@patch.com,Male,Yaransk
658,Clarence,Vasquez,cvasquezi9@comcast.net,Male,Jampang Tengah
659,Philip,Howard,phowardia@dot.gov,Male,Västervik
660,Todd,Lawson,tlawsonib@purevolume.com,Male,Hanghuadian
661,Louise,Reid,lreidic@prweb.com,Female,Busia
662,Bobby,Peters,bpetersid@icq.com,Male,Weiyuan
663,Margaret,Phillips,mphillipsie@bizjournals.com,Female,Svatava
664,Harold,Davis,hdavisif@howstuffworks.com,Male,Petrodvorets
665,Harry,Gomez,hgomezig@w3.org,Male,Legok
666,Wayne,Hanson,whansonih@netvibes.com,Male,Ping’an
667,Russell,Dixon,rdixonii@go.com,Male,Thị Trấn Mỹ Lộc
668,Eric,Morales,emoralesij@java.com,Male,Deh-e Now
669,Nancy,Oliver,noliverik@epa.gov,Female,Liuqiao
670,Laura,Mason,lmasonil@de.vu,Female,Langtou
671,Earl,Spencer,espencerim@tinyurl.com,Male,Quinjalca
672,Jack,Watkins,jwatkinsin@springer.com,Male,Asunción
673,Joshua,Price,jpriceio@imageshack.us,Male,Kampunganyar
674,Elizabeth,Wells,ewellsip@mayoclinic.com,Female,Červenka
675,Juan,Ford,jfordiq@ask.com,Male,Inongo
676,Annie,Phillips,aphillipsir@homestead.com,Female,Bù Đốp
677,Judy,Collins,jcollinsis@networksolutions.com,Female,Madison
678,Sean,Ryan,sryanit@craigslist.org,Male,Zharkent
679,Phillip,Simpson,psimpsoniu@ifeng.com,Male,San Jose
680,Nancy,Tucker,ntuckeriv@tiny.cc,Female,Jinsha
681,Kathleen,Thompson,kthompsoniw@reference.com,Female,Taotang
682,Harold,Hicks,hhicksix@etsy.com,Male,Changqiao
683,Frances,Griffin,fgriffiniy@vimeo.com,Female,Vila Nova
684,Mary,Dean,mdeaniz@nba.com,Female,Sanying
685,Lisa,Tucker,ltuckerj0@mlb.com,Female,Všeruby
686,Sarah,Sims,ssimsj1@nih.gov,Female,Iłowo -Osada
687,Brian,Flores,bfloresj2@mit.edu,Male,Topchikha
688,Linda,Thompson,lthompsonj3@google.ru,Female,Bačka Palanka
689,Jason,West,jwestj4@elegantthemes.com,Male,Madolenihm Municipality Government
690,Sarah,Matthews,smatthewsj5@sourceforge.net,Female,Novoaltaysk
691,Pamela,Lawrence,plawrencej6@1688.com,Female,Fengjiang
692,Amy,Martin,amartinj7@github.io,Female,Nong Saeng
693,Carolyn,Andrews,candrewsj8@printfriendly.com,Female,Aloleng
694,Jeffrey,Baker,jbakerj9@theatlantic.com,Male,Roma
695,Cynthia,Johnson,cjohnsonja@phoca.cz,Female,Ouahigouya
696,Teresa,Palmer,tpalmerjb@histats.com,Female,Gengqing
697,Barbara,Medina,bmedinajc@census.gov,Female,Batambak
698,Ruth,Lawrence,rlawrencejd@geocities.jp,Female,Gamay
699,Debra,Lewis,dlewisje@forbes.com,Female,Sheshory
700,Rachel,Hawkins,rhawkinsjf@google.fr,Female,Bodø
701,Lori,Jackson,ljacksonjg@mozilla.com,Female,Shiziqiao
702,Richard,Wood,rwoodjh@cnbc.com,Male,Nacka
703,Julie,Hart,jhartji@nydailynews.com,Female,Loúros
704,Andrea,Watson,awatsonjj@com.com,Female,Buzovna
705,Betty,Fisher,bfisherjk@icq.com,Female,Mastung
706,Peter,Black,pblackjl@wiley.com,Male,Tsivil’sk
707,Samuel,Williams,swilliamsjm@wix.com,Male,Tondano
708,Lisa,Adams,ladamsjn@networksolutions.com,Female,Tashi
709,Theresa,Carpenter,tcarpenterjo@bravesites.com,Female,Túquerres
710,Sean,Tucker,stuckerjp@berkeley.edu,Male,Gjegjan
711,Martin,Miller,mmillerjq@google.es,Male,Leone
712,Michael,Lynch,mlynchjr@godaddy.com,Male,Sainte-Geneviève-des-Bois
713,Joseph,Hall,jhalljs@cmu.edu,Male,Pule
714,Judith,Webb,jwebbjt@desdev.cn,Female,Sharga
715,Melissa,Bell,mbellju@ca.gov,Female,Ami
716,Diana,Willis,dwillisjv@list-manage.com,Female,Galatás
717,Chris,Mason,cmasonjw@ebay.co.uk,Male,Boji
718,Kathleen,Stanley,kstanleyjx@soup.io,Female,Pan-an
719,Scott,White,swhitejy@toplist.cz,Male,Turba
720,Jason,Morrison,jmorrisonjz@virginia.edu,Male,Shanlian
721,Anthony,Jackson,ajacksonk0@ihg.com,Male,Guihuaquan
722,William,Myers,wmyersk1@miibeian.gov.cn,Male,Yanchi
723,Jacqueline,Watson,jwatsonk2@latimes.com,Female,Schiedam postbusnummers
724,Samuel,Sims,ssimsk3@twitpic.com,Male,Maszewo Duże
725,Jerry,Morgan,jmorgank4@wufoo.com,Male,Arcossó
726,Jennifer,Hanson,jhansonk5@cdc.gov,Female,Itaperuçu
727,Joe,Chavez,jchavezk6@shareasale.com,Male,Kamojimachō-jōgejima
728,Lisa,Hart,lhartk7@thetimes.co.uk,Female,San Roque
729,Michelle,Brown,mbrownk8@java.com,Female,Mayang
730,Frances,Peterson,fpetersonk9@ask.com,Female,Yumbel
731,Walter,Shaw,wshawka@admin.ch,Male,Cerklje na Gorenjskem
732,Samuel,Collins,scollinskb@bandcamp.com,Male,Ibiporã
733,Jimmy,Fernandez,jfernandezkc@fema.gov,Male,Szczerców
734,Karen,Adams,kadamskd@fastcompany.com,Female,Dungloe
735,Pamela,Sullivan,psullivanke@usda.gov,Female,Zhangdian
736,Nicholas,Webb,nwebbkf@sogou.com,Male,Bieliny
737,Antonio,Hart,ahartkg@tinyurl.com,Male,Nangalisan
738,Stephanie,Stone,sstonekh@bluehost.com,Female,Siheyuan
739,Paula,Rose,proseki@rambler.ru,Female,Nagqu
740,Ryan,Cox,rcoxkj@flickr.com,Male,Stockholm
741,Harry,Woods,hwoodskk@livejournal.com,Male,Patapan
742,Cheryl,Russell,crussellkl@sphinn.com,Female,Tutup
743,Anna,Davis,adaviskm@who.int,Female,Janowiec
744,Louis,Harvey,lharveykn@cnn.com,Male,Pujijie
745,Alice,Day,adayko@w3.org,Female,Alençon
746,Anne,Hunt,ahuntkp@foxnews.com,Female,Tai Po
747,Joan,Richardson,jrichardsonkq@earthlink.net,Female,Jönköping
748,Fred,Bishop,fbishopkr@reddit.com,Male,Cambé
749,Gregory,Parker,gparkerks@oracle.com,Male,Baffa
750,Kevin,Duncan,kduncankt@feedburner.com,Male,Wuyun
751,Henry,Ruiz,hruizku@alexa.com,Male,Novyye Cherëmushki
752,Frank,Kennedy,fkennedykv@loc.gov,Male,Awilega
753,Sara,Vasquez,svasquezkw@tumblr.com,Female,Bang Rakam
754,Janet,Morris,jmorriskx@cloudflare.com,Female,Luoshui
755,Phillip,Thomas,pthomasky@digg.com,Male,Ban Mai
756,Scott,Edwards,sedwardskz@discuz.net,Male,La Romana
757,Richard,Howell,rhowelll0@bluehost.com,Male,Lutou
758,Andrew,Reid,areidl1@google.cn,Male,Shakhun’ya
759,Brenda,Russell,brusselll2@psu.edu,Female,K’olīto
760,Jesse,Thomas,jthomasl3@tiny.cc,Male,Los Algarrobos
761,Catherine,Ray,crayl4@businessweek.com,Female,Le Mans
762,Cheryl,Fields,cfieldsl5@soup.io,Female,Mondorf-les-Bains
763,Anthony,Stone,astonel6@google.pl,Male,Sitabamba
764,Theresa,Robinson,trobinsonl7@salon.com,Female,Grootfontein
765,Paul,Morris,pmorrisl8@blogtalkradio.com,Male,Jankovec
766,Jennifer,Rodriguez,jrodriguezl9@hibu.com,Female,Mets Parni
767,Norma,Burke,nburkela@hud.gov,Female,Rybnoye
768,George,Cooper,gcooperlb@ted.com,Male,Piripiri
769,Carlos,Lawrence,clawrencelc@who.int,Male,Dzięgielów
770,Larry,Perkins,lperkinsld@seesaa.net,Male,Chama
771,Chris,Frazier,cfrazierle@cbsnews.com,Male,Shalushka
772,Randy,Bishop,rbishoplf@jugem.jp,Male,Stare Miasto
773,Kelly,Ramos,kramoslg@elpais.com,Female,Curahklapa
774,Ann,Hall,ahalllh@odnoklassniki.ru,Female,Tabango
775,Catherine,Stevens,cstevensli@chronoengine.com,Female,Quatro Barras
776,Rebecca,Howell,rhowelllj@ehow.com,Female,Limeiras
777,Maria,Webb,mwebblk@ycombinator.com,Female,Seteluk Tengah
778,Ruby,Watson,rwatsonll@gmpg.org,Female,Steinkjer
779,Maria,Hudson,mhudsonlm@xrea.com,Female,Fengshan
780,Carlos,Fields,cfieldsln@bravesites.com,Male,Kuroishi
781,Jane,Price,jpricelo@bloglovin.com,Female,Stockton
782,Joe,Cook,jcooklp@independent.co.uk,Male,Buray
783,Larry,Harrison,lharrisonlq@miitbeian.gov.cn,Male,Pampa de los Guanacos
784,Anne,Patterson,apattersonlr@etsy.com,Female,Årsta
785,Douglas,Morgan,dmorganls@liveinternet.ru,Male,Trat
786,Katherine,Jackson,kjacksonlt@csmonitor.com,Female,Jiquinlaca
787,Mark,Rivera,mriveralu@icq.com,Male,Klemunan
788,Bruce,Jones,bjoneslv@techcrunch.com,Male,Rovensko pod Troskami
789,Carol,Duncan,cduncanlw@walmart.com,Female,Babakantugu
790,Howard,Cook,hcooklx@dot.gov,Male,Smithers
791,Anna,Hughes,ahughesly@creativecommons.org,Female,Legionowo
792,Margaret,Cox,mcoxlz@cisco.com,Female,Pasir Mas
793,Ann,Gibson,agibsonm0@storify.com,Female,Sidomekar
794,Diana,Oliver,doliverm1@cafepress.com,Female,Ibeto
795,David,Jones,djonesm2@google.fr,Male,Hino
796,Larry,Morales,lmoralesm3@weather.com,Male,Baitu
797,Kimberly,Jordan,kjordanm4@comcast.net,Female,Villa Florida
798,Helen,Flores,hfloresm5@e-recht24.de,Female,Tunoshna
799,Debra,Reyes,dreyesm6@gmpg.org,Female,Savski Venac
800,Jesse,Gilbert,jgilbertm7@digg.com,Male,Abrantes
801,Samuel,Torres,storresm8@cargocollective.com,Male,Hayang
802,Marilyn,Simpson,msimpsonm9@netlog.com,Female,Yōkaichiba
803,Roy,Ferguson,rfergusonma@cdc.gov,Male,Cidima
804,Brenda,Stewart,bstewartmb@reference.com,Female,Adelaide
805,Shawn,Clark,sclarkmc@webnode.com,Male,Miraflores
806,Terry,Diaz,tdiazmd@i2i.jp,Male,Gempolan Wetan
807,Martin,Bennett,mbennettme@uiuc.edu,Male,Thị Trấn Pác Miầu
808,Sharon,Moreno,smorenomf@oracle.com,Female,Charleston
809,Doris,Montgomery,dmontgomerymg@fotki.com,Female,Dungon
810,Cheryl,Lopez,clopezmh@biglobe.ne.jp,Female,Kafr Dān
811,Helen,Williams,hwilliamsmi@nydailynews.com,Female,Asnières-sur-Seine
812,Michelle,Carroll,mcarrollmj@sakura.ne.jp,Female,Riangkroko
813,Sarah,Boyd,sboydmk@ycombinator.com,Female,Al Jarādīyah
814,Jessica,Hughes,jhughesml@ted.com,Female,Pontevedra
815,Wayne,Woods,wwoodsmm@slideshare.net,Male,Timrat
816,Mary,Pierce,mpiercemn@independent.co.uk,Female,Magsaysay
817,Philip,Nichols,pnicholsmo@salon.com,Male,Maguan
818,Maria,Simpson,msimpsonmp@springer.com,Female,Amman
819,Evelyn,Turner,eturnermq@oaic.gov.au,Female,Puubheto
820,Mildred,Jordan,mjordanmr@posterous.com,Female,Salinas
821,Joseph,Martin,jmartinms@zimbio.com,Male,Taradale
822,Lori,Pierce,lpiercemt@google.co.jp,Female,Guazhou
823,Judy,Hunter,jhuntermu@amazon.com,Female,Garisul
824,Juan,Rice,jricemv@imdb.com,Male,Podporozh’ye
825,Jonathan,Carroll,jcarrollmw@mozilla.org,Male,Dongzha
826,Patricia,Harrison,pharrisonmx@boston.com,Female,Washington
827,Jennifer,Stephens,jstephensmy@google.de,Female,Cholet
828,Larry,Gutierrez,lgutierrezmz@youku.com,Male,Bagé
829,Jennifer,Harvey,jharveyn0@ucoz.com,Female,Strohonivka
830,Annie,Reid,areidn1@sina.com.cn,Female,Gevgelija
831,Judy,Murphy,jmurphyn2@guardian.co.uk,Female,Athmuqam
832,Teresa,Romero,tromeron3@bluehost.com,Female,Bosaso
833,Barbara,Kim,bkimn4@i2i.jp,Female,Bharatpur
834,Paul,Wood,pwoodn5@weibo.com,Male,Gulu
835,Nicole,Hamilton,nhamiltonn6@csmonitor.com,Female,Dežanovac
836,Jonathan,Johnston,jjohnstonn7@examiner.com,Male,Niedźwiedź
837,Lori,Sanchez,lsanchezn8@hud.gov,Female,Shimen
838,Larry,Reynolds,lreynoldsn9@devhub.com,Male,Santa Teresa First
839,Arthur,Lane,alanena@sakura.ne.jp,Male,Xin’an
840,Kathy,Olson,kolsonnb@goo.gl,Female,Sabana Grande de Boyá
841,Kathryn,Campbell,kcampbellnc@cbslocal.com,Female,Mino
842,Theresa,Sanders,tsandersnd@cisco.com,Female,Almirante
843,Raymond,Coleman,rcolemanne@studiopress.com,Male,Ciguha Tengah
844,Jessica,Watkins,jwatkinsnf@cornell.edu,Female,Replot
845,Amy,Campbell,acampbellng@baidu.com,Female,Kallithéa
846,Lori,Nichols,lnicholsnh@ucoz.ru,Female,Lazarevac
847,Andrew,Long,alongni@auda.org.au,Male,Zhutian
848,Rebecca,Castillo,rcastillonj@about.com,Female,Sidomakmur
849,Norma,Wells,nwellsnk@twitter.com,Female,Stare Juchy
850,Martha,Watkins,mwatkinsnl@dion.ne.jp,Female,Temirgoyevskaya
851,Amy,Ramirez,aramireznm@ocn.ne.jp,Female,Musina
852,Arthur,Peters,apetersnn@youku.com,Male,Coronel Vivida
853,Jonathan,Russell,jrussellno@howstuffworks.com,Male,Vällingby
854,Jonathan,Morales,jmoralesnp@bloomberg.com,Male,Springfield
855,Earl,Morris,emorrisnq@reference.com,Male,Songnan
856,Betty,Gardner,bgardnernr@mysql.com,Female,Kanluran
857,Sharon,Freeman,sfreemanns@purevolume.com,Female,Jagodnjak
858,Craig,Porter,cporternt@gov.uk,Male,Pathum Ratchawongsa
859,Barbara,Morgan,bmorgannu@elpais.com,Female,Listvyanskiy
860,Dennis,Simpson,dsimpsonnv@creativecommons.org,Male,Vyshniy Volochëk
861,Eugene,Gutierrez,egutierreznw@eepurl.com,Male,Sobotín
862,Anthony,Banks,abanksnx@xing.com,Male,Bells Corners
863,Alice,Young,ayoungny@desdev.cn,Female,Ben Arous
864,Catherine,Wallace,cwallacenz@amazon.com,Female,Wanareja
865,Tina,Robinson,trobinsono0@who.int,Female,Mādārīpur
866,Annie,Daniels,adanielso1@amazon.co.uk,Female,Partido
867,Joe,Grant,jgranto2@symantec.com,Male,Kota Kinabalu
868,Alice,Ford,afordo3@wordpress.org,Female,Panggungasri
869,Theresa,Meyer,tmeyero4@yale.edu,Female,Novoukrayinka
870,Earl,Ford,efordo5@census.gov,Male,Mougins
871,Denise,Marshall,dmarshallo6@webeden.co.uk,Female,Bai’e
872,Shirley,Woods,swoodso7@discuz.net,Female,Maundai
873,Arthur,Jordan,ajordano8@ucoz.com,Male,Bibrka
874,Paula,Hicks,phickso9@ebay.com,Female,Chechen-Aul
875,Nancy,Morgan,nmorganoa@ask.com,Female,Huakoulongtan
876,Kelly,Robertson,krobertsonob@51.la,Female,Nantes
877,Virginia,Smith,vsmithoc@issuu.com,Female,Sambongmulyo
878,Jack,Rice,jriceod@webnode.com,Male,Riang Tengah
879,Russell,Wagner,rwagneroe@vistaprint.com,Male,Hexi
880,Todd,Peters,tpetersof@chron.com,Male,Pergamino
881,Jessica,Owens,jowensog@discovery.com,Female,Villa General Belgrano
882,Roy,Day,rdayoh@deliciousdays.com,Male,Dubravica
883,Ruth,Chavez,rchavezoi@imdb.com,Female,Tawali
884,Doris,Patterson,dpattersonoj@yolasite.com,Female,Jingchuan
885,Terry,Lawrence,tlawrenceok@e-recht24.de,Male,Goujie
886,Gloria,White,gwhiteol@eventbrite.com,Female,Mukařov
887,Barbara,Boyd,bboydom@cmu.edu,Female,Iganga
888,Alice,Brown,abrownon@apache.org,Female,Jincheng
889,Patricia,Riley,prileyoo@apache.org,Female,Dayang
890,Peter,Howard,phowardop@skype.com,Male,Pangkalan
891,Margaret,Morrison,mmorrisonoq@php.net,Female,Hulu
892,Janice,West,jwestor@paginegialle.it,Female,Kokotów
893,Jason,Cook,jcookos@comsenz.com,Male,Bungoma
894,Debra,Mendoza,dmendozaot@senate.gov,Female,Wanmao
895,Samuel,Hunter,shunterou@de.vu,Male,Ploso
896,Joseph,Murray,jmurrayov@flavors.me,Male,Los Andes
897,Wayne,Larson,wlarsonow@epa.gov,Male,Zhongba
898,Mary,Wallace,mwallaceox@paginegialle.it,Female,Yelenendorf
899,Carl,Wallace,cwallaceoy@printfriendly.com,Male,Sangatta
900,Linda,Franklin,lfranklinoz@blogtalkradio.com,Female,Pagatin
901,Ernest,Mills,emillsp0@addthis.com,Male,Karlskoga
902,Joe,Torres,jtorresp1@opensource.org,Male,Massawa
903,Daniel,Martin,dmartinp2@jalbum.net,Male,Khoyniki
904,Catherine,Pierce,cpiercep3@mozilla.com,Female,Granadero Baigorria
905,Russell,Boyd,rboydp4@usgs.gov,Male,Winnipeg
906,Paula,Fisher,pfisherp5@people.com.cn,Female,Kertosari
907,Kimberly,Franklin,kfranklinp6@webeden.co.uk,Female,Ystad
908,Rose,Walker,rwalkerp7@google.co.uk,Female,Rerawere
909,Harry,Fowler,hfowlerp8@columbia.edu,Male,Leigongmiao
910,Tina,Tucker,ttuckerp9@hexun.com,Female,Tambawel
911,Billy,Jordan,bjordanpa@alibaba.com,Male,Maunuri
912,Kathleen,Roberts,krobertspb@amazon.co.jp,Female,San Pedro Masahuat
913,Sarah,Gordon,sgordonpc@adobe.com,Female,Saint-Nazaire
914,Donna,Henry,dhenrypd@sphinn.com,Female,Kraśniczyn
915,Christina,Greene,cgreenepe@mozilla.org,Female,Aghsu
916,Ryan,Greene,rgreenepf@bloglines.com,Male,Cravinhos
917,Julie,Willis,jwillispg@jimdo.com,Female,Ростуша
918,Lois,Palmer,lpalmerph@boston.com,Female,Guisijan
919,Lawrence,Bryant,lbryantpi@dell.com,Male,Butterworth
920,Norma,Schmidt,nschmidtpj@quantcast.com,Female,Pajić Polje
921,Melissa,Hawkins,mhawkinspk@g.co,Female,Uherské Hradiště
922,Kathy,Mills,kmillspl@reference.com,Female,Nanlang
923,Carlos,Harris,charrispm@epa.gov,Male,Santo Domingo
924,Billy,Davis,bdavispn@smh.com.au,Male,Guaxupé
925,Joseph,Barnes,jbarnespo@goodreads.com,Male,Tiền Hải
926,Rebecca,Ruiz,rruizpp@sciencedaily.com,Female,San Ignacio de Tupile
927,Richard,Cook,rcookpq@archive.org,Male,Staré Město
928,Jeffrey,Wheeler,jwheelerpr@twitter.com,Male,Cambuí
929,Harold,Garcia,hgarciaps@bing.com,Male,Ouango
930,Billy,Nguyen,bnguyenpt@ibm.com,Male,Ape
931,Jack,Cooper,jcooperpu@hexun.com,Male,Severnyy
932,Gregory,Powell,gpowellpv@answers.com,Male,La Quiaca
933,Brenda,Payne,bpaynepw@weather.com,Female,Gataivai
934,Michael,Hicks,mhickspx@gov.uk,Male,Baojia
935,Randy,Greene,rgreenepy@histats.com,Male,Bun Barat
936,Edward,Evans,eevanspz@youku.com,Male,Ciénega
937,Jesse,Olson,jolsonq0@amazon.co.uk,Male,Calbuco
938,Laura,Elliott,lelliottq1@e-recht24.de,Female,Lansing
939,Andrea,Kelley,akelleyq2@lycos.com,Female,Sydney
940,Carolyn,Warren,cwarrenq3@hao123.com,Female,Oslo
941,Jerry,Stone,jstoneq4@bloomberg.com,Male,Thị Trấn Bình Mỹ
942,Jane,Ellis,jellisq5@gnu.org,Female,São José de Mipibu
943,Joe,Perry,jperryq6@hugedomains.com,Male,Cilangla
944,Gloria,Watkins,gwatkinsq7@eepurl.com,Female,Novopokrovka
945,Jonathan,Willis,jwillisq8@usatoday.com,Male,Balakliya
946,Rachel,Morales,rmoralesq9@chron.com,Female,Leeuwarden
947,Betty,Watkins,bwatkinsqa@dot.gov,Female,Oakland
948,Walter,Gibson,wgibsonqb@accuweather.com,Male,Stockholm
949,Kenneth,Carroll,kcarrollqc@bigcartel.com,Male,Pushkino
950,Amanda,Ruiz,aruizqd@uol.com.br,Female,Podgornoye
951,Nicole,Rivera,nriveraqe@list-manage.com,Female,Sancang
952,Ann,Mendoza,amendozaqf@topsy.com,Female,Mushie
953,Patrick,Bishop,pbishopqg@tinyurl.com,Male,Lynn
954,Carl,Nguyen,cnguyenqh@wired.com,Male,Nizhneivkino
955,Kimberly,Stone,kstoneqi@columbia.edu,Female,Salt Lake City
956,Christopher,Reyes,creyesqj@nbcnews.com,Male,Kudowa-Zdrój
957,Julia,Wagner,jwagnerqk@typepad.com,Female,Krajan Sumurtawang
958,Margaret,Foster,mfosterql@thetimes.co.uk,Female,Yanglin
959,Tammy,Day,tdayqm@newyorker.com,Female,Chezhan
960,Keith,Ford,kfordqn@nbcnews.com,Male,Pancanagara
961,Randy,Ray,rrayqo@booking.com,Male,Sandia
962,Jonathan,Carter,jcarterqp@ezinearticles.com,Male,Namīn
963,Howard,Watson,hwatsonqq@studiopress.com,Male,Mongaguá
964,Sarah,Clark,sclarkqr@va.gov,Female,Đắk Mil
965,Christina,Kennedy,ckennedyqs@wisc.edu,Female,Jaguaquara
966,Alan,Perez,aperezqt@over-blog.com,Male,Sande São Lourenço
967,Beverly,Chapman,bchapmanqu@merriam-webster.com,Female,Xianbao
968,Irene,Burke,iburkeqv@techcrunch.com,Female,Namling
969,Nicole,Snyder,nsnyderqw@liveinternet.ru,Female,Hidalgo
970,Mildred,Barnes,mbarnesqx@ed.gov,Female,Rząśnik
971,Mary,Cruz,mcruzqy@github.com,Female,Kolno
972,Jack,Baker,jbakerqz@bluehost.com,Male,Sambonggede
973,Marilyn,Sanchez,msanchezr0@free.fr,Female,Escola
974,Fred,Gomez,fgomezr1@vk.com,Male,Cisompet
975,Janice,Sanders,jsandersr2@booking.com,Female,Ijuw
976,Patrick,Griffin,pgriffinr3@twitpic.com,Male,Luci
977,Carol,Gibson,cgibsonr4@trellian.com,Female,Erpeldange
978,Heather,Watkins,hwatkinsr5@bbc.co.uk,Female,Paris 08
979,Lillian,Morales,lmoralesr6@nhs.uk,Female,Yueyang
980,Rachel,Martin,rmartinr7@fotki.com,Female,San Lorenzo
981,Frank,Ross,frossr8@icio.us,Male,Nierumai
982,Carlos,Graham,cgrahamr9@flickr.com,Male,Yuanyang
983,Harry,Cunningham,hcunninghamra@usa.gov,Male,Hutou
984,Judith,Reynolds,jreynoldsrb@php.net,Female,Kathu
985,Wanda,Murphy,wmurphyrc@flickr.com,Female,Viškovci
986,Jonathan,Cruz,jcruzrd@naver.com,Male,Miharu
987,Julia,Bell,jbellre@ucoz.ru,Female,Esmoriz
988,Patrick,Ramirez,pramirezrf@sina.com.cn,Male,Freiburg im Breisgau
989,Justin,Gonzales,jgonzalesrg@oracle.com,Male,Sobrosa
990,Michael,Diaz,mdiazrh@webeden.co.uk,Male,Salor
991,Melissa,Brooks,mbrooksri@prlog.org,Female,Bogorodskoye
992,Jeremy,Washington,jwashingtonrj@gov.uk,Male,Hartford
993,Emily,Oliver,eoliverrk@miitbeian.gov.cn,Female,Mariel
994,Joseph,Hanson,jhansonrl@ustream.tv,Male,Shaoyang
995,Joseph,Reyes,jreyesrm@yahoo.com,Male,Alfena
996,Billy,Simmons,bsimmonsrn@ftc.gov,Male,Pangkalanbunut
997,Jerry,Martin,jmartinro@mediafire.com,Male,Souto
998,Bruce,Reyes,breyesrp@sphinn.com,Male,Gyangqai
999,Douglas,Armstrong,darmstrongrq@liveinternet.ru,Male,La Eduvigis
1000,Russell,Jenkins,rjenkinsrr@accuweather.com,Male,Kajansi
